{
  "runs": [
    "run1",
    "run2",
    "run3"
  ],
  "aggregate": {
    "install_ms": {
      "median_pct_change": -38.10497373476917,
      "mean_pct_change": -41.56063313141374,
      "run_values": [
        -16.75370662316498,
        -38.10497373476917,
        -69.82321903630707
      ]
    },
    "first_parse_ms": {
      "median_pct_change": -3.5603879092006454,
      "mean_pct_change": 26.863605782655124,
      "run_values": [
        93.64711750443014,
        -3.5603879092006454,
        -9.495912247264126
      ]
    },
    "warm_parse_avg_ms": {
      "median_pct_change": -4.850519968873377,
      "mean_pct_change": -5.928873806730284,
      "run_values": [
        -4.850519968873377,
        -4.4963051714469096,
        -8.439796279870563
      ]
    },
    "warm_parse_p50_ms": {
      "median_pct_change": -6.824451827493791,
      "mean_pct_change": -8.084912614730293,
      "run_values": [
        -10.830027272512773,
        -6.824451827493791,
        -6.600258744184316
      ]
    },
    "warm_parse_p95_ms": {
      "median_pct_change": 7.183312586871593,
      "mean_pct_change": 4.28647011601378,
      "run_values": [
        17.551539076136162,
        7.183312586871593,
        -11.875441314966416
      ]
    }
  }
}
